mode,depth,duration
parallel,1,.446350000
parallel,2,.442864000
parallel,3,.506769000
parallel,4,1.245788000
parallel,5,16.765896000
